ace,act,add,age,ago,aid,aim,air,ale,all,and,ant,any,ape,api,app,arc,arm,art,ash,ask,ate,awe,axe,bad,bag,ban,bar,bat,bay,
bed,bee,bid,big,bin,bit,bow,box,boy,bud,bug,bus,buy,cab,can,cap,car,cat,cod,cog,cow,cue,cup,cut,dad,dam,day,den,dev,dew,
did,dig,dim,dip,doe,dog,dry,due,dug,ear,eat,edu,egg,elm,end,eve,eye,fad,fan,far,fee,few,fig,fix,fly,fog,fox,fun,fur,gap,
gas,gem,get,gum,gun,guy,hat,hen,hip,hot,hub,ice,jam,jar,jaw,jet,job,joy,key,kid,lab,lag,lan,lap,law,leg,let,lie,lip,log,
lot,low,mad,man,map,max,men,mix,mom,mop,mud,mug,nag,nap,net,new,now,oak,oar,oil,old,one,owl,own,pan,pay,pen,pet,pie,pig,
pin,pit,pot,put,rag,ran,rap,rat,ray,red,rig,row,rub,run,sad,say,sea,see,set,sip,sit,sky,son,sub,sum,sun,tag,tan,tap,tax,
tea,ten,tie,tin,tip,top,toy,try,two,use,van,war,way,web,wet,wig,win,yes,zip,able,acid,aged,also,arch,area,atom,aunt,avid,
away,back,bale,bane,bare,bark,barn,base,bead,beak,beam,bean,bear,beat,been,bell,belt,bias,bike,bile,bill,bird,bite,blot,
blow,blue,blur,boat,bold,bolt,bone,book,boot,born,bout,bowl,brad,brag,brat,bred,buck,bugs,bull,burn,burp,bush,cafe,cake,
calf,call,calm,came,camp,cape,card,cart,case,cash,cave,cell,char,chat,chin,chop,chow,city,clam,clap,claw,clay,clog,clot,
club,clue,coal,coat,code,coin,cold,cole,coma,comb,cone,cook,cope,copy,cord,cork,corn,cost,coup,cube,curb,cuts,data,date,
days,debt,deck,deer,desk,dial,dice,dime,dirt,dish,disk,dock,doll,door,draw,drop,drum,duck,dust,earn,edge,edit,exit,face,
fact,farm,fast,fear,file,film,find,fire,fish,flag,flow,foam,food,foot,fork,form,frog,fuel,full,gain,game,gate,gear,gene,
gift,girl,give,goal,goat,gold,golf,good,grid,gulf,hair,half,hall,hand,hard,head,hear,heat,high,hill,hole,home,hook,horn,
hose,hour,idea,info,iron,isle,item,jeep,joke,jump,king,knee,knot,know,lake,lamp,land,lane,lava,leaf,lens,life,line,link,
lion,list,load,loaf,loan,lock,long,look,loop,loss,love,luck,lung,mail,make,mark,mask,meal,meat,menu,mesh,milk,mind,mine,
mint,mist,mode,mold,moon,moor,moss,move,nail,name,near,neck,nest,news,node,nose,note,open,page,pail,pair,palm,park,part,
path,pear,pick,pipe,plan,play,plot,plug,poem,poet,pole,pond,pool,port,post,prop,pull,quit,race,rack,rail,rain,rams,rate,
read,rear,redo,reef,rest,rice,ring,rink,risk,road,rock,role,roof,room,root,rope,rose,rule,sack,safe,sail,sale,salt,sand,
save,scan,seat,seed,seek,send,ship,shoe,shop,shot,show,shut,side,sign,silk,sink,site,size,skin,slip,slow,snow,soap,sock,
soft,soil,song,sort,soul,soup,spot,star,stem,step,stop,suit,swan,tail,take,talk,tank,task,team,tear,tech,tent,term,test,
text,thin,tide,tile,time,tire,tool,town,tram,trap,tray,tree,trip,tube,tune,turn,twig,type,undo,unit,user,vase,veil,vein,
view,vine,void,vote,wait,walk,wall,wash,wave,week,whip,wide,wind,wing,wire,wish,wood,wool,word,work,worm,wrap,yard,yarn,
year,zone,abide,abode,abyss,actor,acute,admin,adore,agent,agile,agony,agree,ahead,aloft,alone,along,aloof,aloud,alpha,
altar,amaze,amend,angel,anger,angle,angry,ankle,annex,annoy,anvil,apple,arena,argue,arise,array,aside,atlas,attic,audio,
audit,avail,avert,awake,baker,banks,batch,beach,beard,beast,begun,belle,below,berry,bible,birth,bison,black,blade,blame,
bland,blast,blaze,bleak,bleed,blend,bless,blind,bliss,bloat,block,bloom,blown,blunt,blush,board,booze,bound,brace,braid,
brake,brave,bread,break,bribe,brick,brief,brisk,broom,broth,brown,brush,build,bunch,cabin,cable,canal,cards,cashy,chain,
chair,chalk,chart,check,cheek,chest,chick,chief,child,class,clean,clock,clone,cloth,cloud,coast,color,couch,court,crack,
craft,crate,cream,crowd,crown,curve,cycle,dance,debug,drain,dream,dress,drift,drill,drink,drive,drown,earth,elbow,email,
error,essay,feast,fetch,field,fight,files,flame,flash,fleet,flesh,floor,force,frame,front,fruit,gamer,glass,glove,grade,
grain,grape,grass,grave,group,guard,guide,heart,honey,horse,house,image,input,jewel,judge,juice,knife,learn,lemon,level,
light,login,mango,medal,melon,merge,metal,model,money,mouth,music,night,noise,north,novel,ocean,offer,olive,opera,orbit,
order,organ,owner,paint,panel,paper,patch,pause,peach,phase,phone,photo,piano,pitch,place,plant,plate,point,pound,power,
press,price,print,prize,probe,proof,pupil,purse,pushy,queen,quest,queue,quilt,quote,radio,range,reach,realm,rebel,reset,
river,route,scale,scene,scent,scope,score,scrap,sense,shade,shaft,shape,share,sheet,shelf,shell,shift,shirt,shock,shore,
skill,skirt,sleep,slice,slide,slope,smell,smile,smoke,snack,snake,solve,sound,space,spade,spark,spear,speed,spell,spice,
spoon,sport,staff,stage,stamp,start,state,steam,steel,stick,stock,stone,store,storm,story,strap,strip,study,stuff,style,
sugar,swamp,sweat,sword,table,taste,teach,teeth,theme,thing,think,thumb,title,toast,tooth,torch,touch,tower,track,trade,
trail,train,trend,trial,tribe,trick,truck,trunk,trust,value,verse,video,voice,watch,water,wheel,whirl,whisk,white,world,
write,absorb,accent,accept,access,accord,accuse,aching,active,actual,advent,advice,aerial,afford,agency,agenda,almost,
always,ambush,amount,animal,answer,antler,appear,around,artist,asleep,assert,assess,assign,assist,assume,attach,attain,
attend,author,baffle,ballot,banana,basket,battle,before,belong,bishop,bleach,blouse,blurry,bonnet,boring,bother,bottle,
bought,bounty,branch,breach,bridge,bridle,bright,broken,broker,budget,buffet,burrow,butter,camera,cancel,candle,canopy,
carbon,carpet,castle,casual,caught,census,center,chance,charge,cheese,cherry,choice,chosen,chrome,church,cinder,circle,
clamor,clench,clergy,clever,client,closed,clover,coarse,cobalt,cobble,coffee,coiled,collar,column,combat,coming,commit,
comply,concur,convey,convoy,cooker,copper,corner,county,course,cousin,covert,crafty,craven,crayon,creaky,creamy,crispy,
crocus,cruise,crumbs,cursor,custom,dagger,damage,dampen,dancer,debate,decide,defeat,defend,defuse,degree,denied,deploy,
desert,detail,devote,differ,digest,dinner,direct,divide,doctor,domain,donate,donkey,double,driven,driver,dubbed,during,
easily,editor,effect,either,engine,enough,esteem,ethnic,evenly,excuse,expand,expert,export,extend,fabric,facing,factor,
fallen,famine,famous,farmer,fasten,father,fatten,feline,fellow,fender,finder,finger,finish,fisher,fitted,fixing,flavor,
flower,follow,fooled,forage,forest,formal,fossil,foster,frozen,frugal,fumble,garden,gather,gentle,giggle,glance,gnarly,
goblin,golden,gravel,greedy,grovel,growth,grudge,grumpy,grunge,gunner,gutter,hacker,hammer,handle,happen,hardly,harmed,
hatred,hauled,health,helper,hidden,highly,holder,homage,honest,hornet,humble,hunger,hunter,hustle,immune,impact,inform,
inject,insult,intent,inward,island,italic,itself,jacket,jangle,jiggle,jingle,jovial,jumble,jumper,jungle,junior,kernel,
kitten,launch,lawyer,layout,lessen,lethal,letter,lively,lizard,loosen,lounge,lumber,luster,magnet,market,marvel,master,
meadow,melted,mental,middle,mighty,mirror,mister,modest,molten,mortal,muscle,mutual,noodle,normal,notify,object,oblong,
obtain,occupy,offend,offset,oldest,onward,openly,option,orange,outlaw,output,outrun,pallid,pardon,passed,pastel,patrol,
paused,pencil,pepper,perish,permit,person,pillar,placed,plains,planet,player,plunge,poised,portal,poster,potent,prefer,
prince,prison,proton,proven,puddle,punish,puppet,pushed,puzzle,quaint,quiver,radial,radius,ramble,random,ransom,rapids,
reader,reason,rebuke,recall,recent,record,reduce,refine,refuse,regime,relate,render,repair,repeat,resign,result,return,
reveal,ribbon,rifled,ripple,rocket,rotund,rubber,rudder,ruling,rumble,runner,saddle,safety,scenic,school,scorch,scored,
scream,screen,script,sculpt,second,seldom,select,sender,senior,settle,shrink,silent,silver,simple,singer,single,sketch,
sleepy,sneaky,snobby,social,soften,somber,sorrow,sorted,source,spirit,splash,spoken,spring,sprout,square,stable,staged,
starve,stench,stored,stream,street,stress,strict,strike,string,stroke,strong,struck,summer,sunken,sunset,supper,supply,
surely,survey,symbol,tablet,talker,tangle,tester,thread,throat,throne,thrown,timely,tingle,tinsel,toggle,torque,touchy,
travel,triple,trophy,turned,turtle,twitch,typing,unlike,unsung,useful,vacant,valley,varied,vastly,verbal,vessel,victim,
viewer,vision,walker,wander,warmth,wealth,weight,wicked,widely,wiring,wonder,worthy,writer,yearly